﻿<?xml version="1.0" encoding="UTF-8" standalone="yes"?>
<addon id="repository.catoal" name="Catoal repository" version="1.0.2" provider-name="Catoal">
	<extension point="xbmc.addon.repository" name="Catoal Repository">
		<info compressed="false">https://raw.githubusercontent.com/josuecocr/josuerepo/master/addons.xml</info>
		<checksum>http://raw.github.com/catoalkodi/repository.catoal/master/addons.xml.md5</checksum>
		<datadir zip="true">http://raw.github.com/catoalkodi/repository.catoal/master/repo/</datadir>
	</extension>
	<extension point="xbmc.addon.metadata">
		<summary>Catoal Addon</summary>
		<description>Repositorio con todo lo necesario para instalar sin problemas Catoal.</description>
		<disclaimer></disclaimer>
		<platform>all</platform>
	</extension>
</addon>