<?xml version="1.0" encoding="utf-8" standalone="yes"?>
<channel>
	<id>animeid</id>
	<name>Animeid</name>

	<active>true</active>
	<adult>false</adult>
	<language>es</language>

	<fanart></fanart>
	<thumbnail>http://media.tvalacarta.info/pelisalacarta/squares/animeid.png</thumbnail>
	<bannermenu>http://media.tvalacarta.info/pelisalacarta/bannermenu/animeid.png</bannermenu>

	<update_url>https://raw.githubusercontent.com/tvalacarta/pelisalacarta/master/python/main-classic/channels/</update_url>
	<version>4</version>
	<changes>
		<change> 
			<date>04/01/16</date>
			<autor>Jesús</autor>
			<description>Arreglado problema en findvideos</description>
		</change>
	</changes>

	<categories>
		<category>anime</category>
	</categories>

	<settings>
		<id>include_in_global_search</id>
		<type>bool</type>
		<label>Incluir en busqueda global</label>
		<default>false</default>
		<enabled>true</enabled>
		<visible>true</visible>
	</settings>
	<settings>
		<id>include_in_newest_anime</id>
		<type>bool</type>
		<label>Incluir en Novedades - Episodios de anime</label>
		<default>true</default>
		<enabled>true</enabled>
		<visible>true</visible>
	</settings>
</channel>