<?xml version="1.0" encoding="utf-8" standalone="yes"?>
<channel>
	<id>doramasjc</id>
	<name>doramasjc</name>

	<active>true</active>
	<adult>false</adult>
	<language>es</language>

	<fanart>https://dl.dropboxusercontent.com/s/yfm2bg5paynb75t/doramasjc.png</fanart>
	<thumbnail>https://dl.dropboxusercontent.com/s/yfm2bg5paynb75t/doramasjc.png</thumbnail>
	<bannermenu></bannermenu>

	<version>1</version>
	<date>04/04/2016</date>
	<changes>Primer version</changes>

	<categories>
		<category>serie</category>
	</categories>

	<settings>
		<include_in_global_search>true</include_in_global_search>
		<default>true</default>
		<enabled>true</enabled>
		<visible>true</visible>		
	</settings>
</channel>
