<?xml version="1.0" encoding="utf-8" standalone="yes"?>
<channel>
	<id>doramastv</id>
	<name>DoramasTV</name>

	<active>true</active>
	<adult>false</adult>
	<language>es</language>

	<fanart></fanart>
	<thumbnail>http://media.tvalacarta.info/pelisalacarta/squares/doramastv.png</thumbnail>
	<bannermenu>http://media.tvalacarta.info/pelisalacarta/bannermenu/doramastv.png</bannermenu>

	<version>2</version>
	<date>01/07/2016</date>
	<changes>Eliminado código innecesario.</changes>

	<categories>
		<category>serie</category>
	</categories>

	<settings>
		<include_in_global_search>true</include_in_global_search>
		<default>true</default>
		<enabled>true</enabled>
		<visible>true</visible>		
	</settings>
</channel>
