<?xml version="1.0" encoding="utf-8" standalone="yes"?>
<channel>
	<id>dramafever</id>
	<name>dramafever</name>

	<active>true</active>
	<adult>false</adult>
	<language>es</language>

	<fanart>https://www.dramafever.com/static/9d6c4e0/v2/img/thumbnail_fb_2014.png</fanart>
	<thumbnail>https://www.dramafever.com/static/9d6c4e0/v2/img/favicon-152x152.png</thumbnail>
	<bannermenu></bannermenu>

	<version>1</version>
	<date>11/04/2016</date>
	<changes>Primer version</changes>

	<categories>
		<category>serie</category>
	</categories>

	<settings>
		<include_in_global_search>true</include_in_global_search>
		<default>true</default>
		<enabled>true</enabled>
		<visible>true</visible>		
	</settings>
</channel>
