<?xml version="1.0" encoding="utf-8" standalone="yes"?>
<channel>
	<id>estrenosdoramas</id>
	<name>Estrenosdoramas</name>

	<active>true</active>
	<adult>false</adult>
	<language>es</language>

	<fanart>https://dl.dropboxusercontent.com/s/jxax06nnzvztrdu/estrenosdoramas.png</fanart>
	<thumbnail>https://dl.dropboxusercontent.com/s/jxax06nnzvztrdu/estrenosdoramas.png</thumbnail>
	<bannermenu>http://www.estrenosdoramas.org/wp-content/themes/animeid/images/logo.png</bannermenu>

	<categories>
		<category>movie</category>
		<category>serie</category>
	</categories>

    <update_url></update_url>
    <version>1</version>	
	
	<settings>
		<id>include_in_global_search</id>
		<type>bool</type>
		<label>Incluir en busqueda global</label>
		<default>true</default>
		<enabled>true</enabled>
		<visible>true</visible>
	</settings>
	
    <changes>
        <change>
            <date>14/12/2016</date>
            <autor>josuecocr</autor>
            <description>nuevo canal</description>
        </change>
    </changes>	
	
</channel>
