<?xml version="1.0" encoding="utf-8" standalone="yes"?>
<channel>
	<id>pelisdeverosbauer</id>
	<name>pelisdeverosbauer</name>

	<active>true</active>
	<adult>false</adult>
	<language>es</language>

	<fanart></fanart>
	<thumbnail></thumbnail>
	<bannermenu></bannermenu>

	<version>1</version>
	<date>04/04/2016</date>
	<changes>Primer version</changes>

	<categories>
		<category>serie</category>
	</categories>

	<settings>
		<include_in_global_search>true</include_in_global_search>
	</settings>
</channel>
