
<?xml version="1.0" encoding="UTF-8" standalone="yes"?>
<addon id="repository.josuecocr" name="josuecocr official Repo" version="1.1.1" provider-name="josuecocr">
	<extension point="xbmc.addon.repository" name="josuecocr official Repo">
		<info compressed="false">https://raw.githubusercontent.com/josuecocr/josuerepo/master/addons.xml</info>
		<checksum>https://raw.githubusercontent.com/josuecocr/josuerepo/master/addons.xml.md5</checksum>
		<datadir zip="true">https://raw.githubusercontent.com/josuecocr/josuerepo/master</datadir>
	</extension>
	<extension point="xbmc.addon.metadata">
		<summary>josuecocr official Repo</summary>
   		<description lang="en">Instala los Addons de josuecocr</description>
		<disclaimer></disclaimer>
		<platform>all</platform>
	</extension>
</addon>