<?xml version="1.0" encoding="utf-8" standalone="yes"?>
<channel>
	<id>cineasiaenlinea</id>
	<name>cineasiaenlinea.</name>

	<active>true</active>
	<adult>false</adult>
	<language>es</language>

	<fanart>https://dl.dropboxusercontent.com/s/u89iv9x88oco0mc/cineasiaenlinea.png</fanart>
	<thumbnail>https://dl.dropboxusercontent.com/s/u89iv9x88oco0mc/cineasiaenlinea.png</thumbnail>
	<bannermenu>https://dl.dropboxusercontent.com/s/u89iv9x88oco0mc/cineasiaenlinea.png</bannermenu>

	<version>1</version>
	<date>04/04/2016</date>
	<changes>Primer version</changes>

	<categories>
		<category>movie</category>
		<category>serie</category>
	</categories>

	<settings>
		<id>include_in_global_search</id>
		<type>bool</type>
		<label>Incluir en busqueda global</label>
		<default>true</default>
		<enabled>true</enabled>
		<visible>true</visible>
	</settings>
</channel>
